"selected","template_id","template_name","narrative_purpose","target_duration_s","selected_style_reference_paths","primary_media_path","secondary_media_paths","crop_or_focal_subject","exact_text","data_or_source_text","display_serif","text_serif","accent_color","voice_sfx_music_cue","transition_in_out","rights_or_source_note","user_notes"
"","HK01-01","One-beat hush, decisive proof","prove value before explanation","0.58","","","","","","","","","","","","",""
"","HK01-02","Practical light discovers the proof","prove value before explanation","1.15","","","","","","","","","","","","",""
"","HK01-03","Interrupted fragment to undeniable result","prove value before explanation","1.15","","","","","","","","","","","","",""
"","HK01-04","Exposure recovery from near-black","prove value before explanation","1.15","","","","","","","","","","","","",""
"","HK01-05","Subject crosses out of the void","prove value before explanation","2","","","","","","","","","","","","",""
"","HK01-06","Voice names it before we see it","prove value before explanation","2","","","","","","","","","","","","",""
"","HK01-07","Proof flash with earned return to black","prove value before explanation","2","","","","","","","","","","","","",""
"","HK02-01","Eyeline to horizon","expand a human-scale observation into its world","1.15","","","","","","","","","","","","",""
"","HK02-02","Silhouette becomes scale reference","expand a human-scale observation into its world","2","","","","","","","","","","","","",""
"","HK02-03","Gesture hands off to aerial route","expand a human-scale observation into its world","2","","","","","","","","","","","","",""
"","HK02-04","Reflection opens into the real world","expand a human-scale observation into its world","2","","","","","","","","","","","","",""
"","HK02-05","Footfall to terrain","expand a human-scale observation into its world","3.25","","","","","","","","","","","","",""
"","HK02-06","Passing body reveals the world","expand a human-scale observation into its world","3.25","","","","","","","","","","","","",""
"","HK02-07","Ambience pulls the gaze outward","expand a human-scale observation into its world","5.2","","","","","","","","","","","","",""
"","HK03-01","Matched-frame anomaly","break an expectation and hold the question","1.15","","","","","","","","","","","","",""
"","HK03-02","Claim then visible counterexample","break an expectation and hold the question","2","","","","","","","","","","","","",""
"","HK03-03","Expected motion reverses","break an expectation and hold the question","2","","","","","","","","","","","","",""
"","HK03-04","Normal pattern, one exception","break an expectation and hold the question","2","","","","","","","","","","","","",""
"","HK03-05","Off-screen cue exposes the contradiction","break an expectation and hold the question","3.25","","","","","","","","","","","","",""
"","HK03-06","False scale collapses","break an expectation and hold the question","3.25","","","","","","","","","","","","",""
"","HK03-07","Outcome precedes the presumed cause","break an expectation and hold the question","3.25","","","","","","","","","","","","",""
"","HK04-01","Wide-medium-detail promise","open several concrete loops without explaining them yet","1.15","","","","","","","","","","","","",""
"","HK04-02","Three outcomes, rising stakes","open several concrete loops without explaining them yet","1.15","","","","","","","","","","","","",""
"","HK04-03","Process fragments in causal order","open several concrete loops without explaining them yet","2","","","","","","","","","","","","",""
"","HK04-04","Human, artifact, consequence","open several concrete loops without explaining them yet","2","","","","","","","","","","","","",""
"","HK04-05","Shape-linked proof chain","open several concrete loops without explaining them yet","2","","","","","","","","","","","","",""
"","HK04-06","Sound-led corroboration triplet","open several concrete loops without explaining them yet","3.25","","","","","","","","","","","","",""
"","HK04-07","Many clues converge on one proof","open several concrete loops without explaining them yet","3.25","","","","","","","","","","","","",""
"","ST01-01","Clause-built central title","state one chapter proposition with controlled accrual","1.15","","","","","","","","","","","","",""
"","ST01-02","Soft image, sharp title, resolved world","state one chapter proposition with controlled accrual","2","","","","","","","","","","","","",""
"","ST01-03","Keyword grows into the full thought","state one chapter proposition with controlled accrual","2","","","","","","","","","","","","",""
"","ST01-04","Subject passes behind the title","state one chapter proposition with controlled accrual","2","","","","","","","","","","","","",""
"","ST01-05","Title follows a real object contour","state one chapter proposition with controlled accrual","3.25","","","","","","","","","","","","",""
"","ST01-06","Semantic two-line hinge","state one chapter proposition with controlled accrual","3.25","","","","","","","","","","","","",""
"","ST01-07","Localized light uncovers the title","state one chapter proposition with controlled accrual","3.25","","","","","","","","","","","","",""
"","ST01-08","Title assembled through depth planes","state one chapter proposition with controlled accrual","5.2","","","","","","","","","","","","",""
"","ST02-01","Centered portrait window settle","make a vertical artifact intentional inside another canvas","2","","","","","","","","","","","","",""
"","ST02-02","Still frame wakes into portrait motion","make a vertical artifact intentional inside another canvas","2","","","","","","","","","","","","",""
"","ST02-03","Landscape compresses into portrait portal","make a vertical artifact intentional inside another canvas","3.25","","","","","","","","","","","","",""
"","ST02-04","Foreground crosses the portrait stage","make a vertical artifact intentional inside another canvas","3.25","","","","","","","","","","","","",""
"","ST02-05","Focus trades between two portrait moments","make a vertical artifact intentional inside another canvas","3.25","","","","","","","","","","","","",""
"","ST02-06","Diegetic screen becomes the destination","make a vertical artifact intentional inside another canvas","3.25","","","","","","","","","","","","",""
"","ST02-07","Tilted portal corrects to attention","make a vertical artifact intentional inside another canvas","5.2","","","","","","","","","","","","",""
"","ST02-08","Portrait subject escapes the matte","make a vertical artifact intentional inside another canvas","5.2","","","","","","","","","","","","",""
"","ST03-01","Number then chapter phrase","punctuate a real structural turn with one readable statement","0.58","","","","","","","","","","","","",""
"","ST03-02","Phrase first, numeral confirms","punctuate a real structural turn with one readable statement","1.15","","","","","","","","","","","","",""
"","ST03-03","Freeze, chapter, resume","punctuate a real structural turn with one readable statement","1.15","","","","","","","","","","","","",""
"","ST03-04","Numeral reveals footage through its counter","punctuate a real structural turn with one readable statement","1.15","","","","","","","","","","","","",""
"","ST03-05","Two-part chapter statement locks","punctuate a real structural turn with one readable statement","2","","","","","","","","","","","","",""
"","ST03-06","Incoming line carries the card","punctuate a real structural turn with one readable statement","2","","","","","","","","","","","","",""
"","ST03-07","Chapter appears on a lit surface","punctuate a real structural turn with one readable statement","2","","","","","","","","","","","","",""
"","ST03-08","Impact word expands to explanatory phrase","punctuate a real structural turn with one readable statement","3.25","","","","","","","","","","","","",""
"","EV01-01","Action completes across the cut","join two shots by claim, action, contrast, or consequence","0.58","","","","","","","","","","","","",""
"","EV01-02","Claim clause meets proof clause","join two shots by claim, action, contrast, or consequence","0.58","","","","","","","","","","","","",""
"","EV01-03","Native sound identifies the result","join two shots by claim, action, contrast, or consequence","0.58","","","","","","","","","","","","",""
"","EV01-04","Object shape changes worlds","join two shots by claim, action, contrast, or consequence","1.15","","","","","","","","","","","","",""
"","EV01-05","Light-value bridge","join two shots by claim, action, contrast, or consequence","1.15","","","","","","","","","","","","",""
"","EV01-06","Before and after share one anchor","join two shots by claim, action, contrast, or consequence","1.15","","","","","","","","","","","","",""
"","EV01-07","Reaction precedes its cause","join two shots by claim, action, contrast, or consequence","2","","","","","","","","","","","","",""
"","EV01-08","Setup object becomes consequence object","join two shots by claim, action, contrast, or consequence","2","","","","","","","","","","","","",""
"","EV02-01","Texture clue to contextual wide","convert a clue into spatial or conceptual context","1.15","","","","","","","","","","","","",""
"","EV02-02","Object fragment names the location","convert a clue into spatial or conceptual context","1.15","","","","","","","","","","","","",""
"","EV02-03","Macro action continues wide","convert a clue into spatial or conceptual context","2","","","","","","","","","","","","",""
"","EV02-04","Continuous optical pullback","convert a clue into spatial or conceptual context","2","","","","","","","","","","","","",""
"","EV02-05","Wide ambience arrives inside the detail","convert a clue into spatial or conceptual context","2","","","","","","","","","","","","",""
"","EV02-06","Detail silhouette matches aerial form","convert a clue into spatial or conceptual context","2","","","","","","","","","","","","",""
"","EV02-07","Foreground clears the wide","convert a clue into spatial or conceptual context","3.25","","","","","","","","","","","","",""
"","EV02-08","Misread scale corrected by context","convert a clue into spatial or conceptual context","3.25","","","","","","","","","","","","",""
"","EV03-01","Map resolves into aerial","locate the viewer before explaining a place or system","2","","","","","","","","","","","","",""
"","EV03-02","Ground horizon rises to aerial context","locate the viewer before explaining a place or system","2","","","","","","","","","","","","",""
"","EV03-03","Aerial descent finds the subject","locate the viewer before explaining a place or system","3.25","","","","","","","","","","","","",""
"","EV03-04","Route trace earns the move","locate the viewer before explaining a place or system","3.25","","","","","","","","","","","","",""
"","EV03-05","Landmark isolate then pullback","locate the viewer before explaining a place or system","3.25","","","","","","","","","","","","",""
"","EV03-06","Same geography changes time state","locate the viewer before explaining a place or system","5.2","","","","","","","","","","","","",""
"","EV03-07","Top-down map becomes oblique world","locate the viewer before explaining a place or system","5.2","","","","","","","","","","","","",""
"","EV03-08","Human marker hands off to landscape scale","locate the viewer before explaining a place or system","5.2","","","","","","","","","","","","",""
"","EV04-01","Wide-medium-detail corroboration","increase specificity or consequence across three proofs","1.15","","","","","","","","","","","","",""
"","EV04-02","Claim, source, consequence","increase specificity or consequence across three proofs","1.15","","","","","","","","","","","","",""
"","EV04-03","Person, tool, output","increase specificity or consequence across three proofs","2","","","","","","","","","","","","",""
"","EV04-04","Location, process, result","increase specificity or consequence across three proofs","2","","","","","","","","","","","","",""
"","EV04-05","Detail, medium, wide consequence","increase specificity or consequence across three proofs","2","","","","","","","","","","","","",""
"","EV04-06","Two proofs form one synthesis","increase specificity or consequence across three proofs","3.25","","","","","","","","","","","","",""
"","EV04-07","Setup, action, aftermath","increase specificity or consequence across three proofs","3.25","","","","","","","","","","","","",""
"","EV04-08","Observation, measurement, lived effect","increase specificity or consequence across three proofs","3.25","","","","","","","","","","","","",""
"","FO01-01","Clause collapses to the operative word","make one short concept unmistakable without caption spam","0.58","","","","","","","","","","","","",""
"","FO01-02","Background yields to one word","make one short concept unmistakable without caption spam","0.58","","","","","","","","","","","","",""
"","FO01-03","Tracked word names the moving subject","make one short concept unmistakable without caption spam","1.15","","","","","","","","","","","","",""
"","FO01-04","Semantic underline measures the exact term","make one short concept unmistakable without caption spam","1.15","","","","","","","","","","","","",""
"","FO01-05","Antonym replacement changes the reading","make one short concept unmistakable without caption spam","1.15","","","","","","","","","","","","",""
"","FO01-06","Word scale follows real magnitude","make one short concept unmistakable without caption spam","2","","","","","","","","","","","","",""
"","FO01-07","Cause word hands off to effect word","make one short concept unmistakable without caption spam","2","","","","","","","","","","","","",""
"","FO01-08","Quotation resolves to its key word","make one short concept unmistakable without caption spam","2","","","","","","","","","","","","",""
"","FO02-01","Context first, value second","give a number context, meaning, and a readable hold","1.15","","","","","","","","","","","","",""
"","FO02-02","Objects accumulate into a numeral","give a number context, meaning, and a readable hold","2","","","","","","","","","","","","",""
"","FO02-03","Measure fills, then number locks","give a number context, meaning, and a readable hold","2","","","","","","","","","","","","",""
"","FO02-04","Before-after delta revealed last","give a number context, meaning, and a readable hold","2","","","","","","","","","","","","",""
"","FO02-05","Physical scale brackets the statistic","give a number context, meaning, and a readable hold","3.25","","","","","","","","","","","","",""
"","FO02-06","Meaningful accumulation count-up","give a number context, meaning, and a readable hold","3.25","","","","","","","","","","","","",""
"","FO02-07","Estimate resolves to an uncertainty range","give a number context, meaning, and a readable hold","3.25","","","","","","","","","","","","",""
"","FO02-08","Denominator changes the interpretation","give a number context, meaning, and a readable hold","5.2","","","","","","","","","","","","",""
"","FO03-01","Full source to exact crop","move attention through real evidence one region at a time","2","","","","","","","","","","","","",""
"","FO03-02","One region remains while the rest dims","move attention through real evidence one region at a time","2","","","","","","","","","","","","",""
"","FO03-03","Scroll, stop, read","move attention through real evidence one region at a time","3.25","","","","","","","","","","","","",""
"","FO03-04","Pointer arrives only after orientation","move attention through real evidence one region at a time","3.25","","","","","","","","","","","","",""
"","FO03-05","Source state toggles in place","move attention through real evidence one region at a time","3.25","","","","","","","","","","","","",""
"","FO03-06","Magnifier verifies, then withdraws","move attention through real evidence one region at a time","3.25","","","","","","","","","","","","",""
"","FO03-07","Perspective page squares to evidence","move attention through real evidence one region at a time","5.2","","","","","","","","","","","","",""
"","FO03-08","Two regions in causal reading order","move attention through real evidence one region at a time","5.2","","","","","","","","","","","","",""
"","SP01-01","Foreground card uncovers context card","turn selected flat assets into a navigable depth field","1.15","","","","","","","","","","","","",""
"","SP01-02","Lateral travel through staggered evidence","turn selected flat assets into a navigable depth field","2","","","","","","","","","","","","",""
"","SP01-03","Flat cards assemble into a depth stack","turn selected flat assets into a navigable depth field","2","","","","","","","","","","","","",""
"","SP01-04","Front card lifts to expose dependency","turn selected flat assets into a navigable depth field","3.25","","","","","","","","","","","","",""
"","SP01-05","Shallow orbit reveals hidden card relation","turn selected flat assets into a navigable depth field","3.25","","","","","","","","","","","","",""
"","SP01-06","Focus rack crosses depth planes","turn selected flat assets into a navigable depth field","3.25","","","","","","","","","","","","",""
"","SP01-07","Causal action propagates card to card","turn selected flat assets into a navigable depth field","5.2","","","","","","","","","","","","",""
"","SP01-08","Card corridor collapses into destination","turn selected flat assets into a navigable depth field","5.2","","","","","","","","","","","","",""
"","SP02-01","Subject lock, background push","reveal a relation or hidden context within one still","2","","","","","","","","","","","","",""
"","SP02-02","Foreground parallax reveals hidden context","reveal a relation or hidden context within one still","2","","","","","","","","","","","","",""
"","SP02-03","Shallow arc around a still subject","reveal a relation or hidden context within one still","3.25","","","","","","","","","","","","",""
"","SP02-04","Atmospheric depth clears toward the subject","reveal a relation or hidden context within one still","3.25","","","","","","","","","","","","",""
"","SP02-05","Detail crop pulls through reconstructed depth","reveal a relation or hidden context within one still","3.25","","","","","","","","","","","","",""
"","SP02-06","Foreground subject peels from archival image","reveal a relation or hidden context within one still","3.25","","","","","","","","","","","","",""
"","SP02-07","Cast shadow establishes the subject plane","reveal a relation or hidden context within one still","5.2","","","","","","","","","","","","",""
"","SP02-08","Enter a doorway inside the photograph","reveal a relation or hidden context within one still","5.2","","","","","","","","","","","","",""
"","SP03-01","Central card becomes the next scene","cross from selected media into the next story world","1.15","","","","","","","","","","","","",""
"","SP03-02","Tiles reassemble into one coherent image","cross from selected media into the next story world","1.15","","","","","","","","","","","","",""
"","SP03-03","Interface window opens into its subject","cross from selected media into the next story world","2","","","","","","","","","","","","",""
"","SP03-04","Page turns edge-on to reveal destination","cross from selected media into the next story world","2","","","","","","","","","","","","",""
"","SP03-05","Object aperture carries the cut","cross from selected media into the next story world","2","","","","","","","","","","","","",""
"","SP03-06","Foreground wipe replaces the collage world","cross from selected media into the next story world","3.25","","","","","","","","","","","","",""
"","SP03-07","Rectilinear panels align into a passage","cross from selected media into the next story world","3.25","","","","","","","","","","","","",""
"","SP03-08","Evidence planes form a traversable corridor","cross from selected media into the next story world","5.2","","","","","","","","","","","","",""
"","EX01-01","Contrast isolate and restore","preserve orientation while explaining one component","2","","","","","","","","","","","","",""
"","EX01-02","Push to part, pull to consequence","preserve orientation while explaining one component","3.25","","","","","","","","","","","","",""
"","EX01-03","Ghosted whole preserves orientation","preserve orientation while explaining one component","3.25","","","","","","","","","","","","",""
"","EX01-04","Component steps out and returns","preserve orientation while explaining one component","3.25","","","","","","","","","","","","",""
"","EX01-05","Local cutaway window","preserve orientation while explaining one component","3.25","","","","","","","","","","","","",""
"","EX01-06","Orientation lock before isolation","preserve orientation while explaining one component","5.2","","","","","","","","","","","","",""
"","EX01-07","Effect trace returns to the source part","preserve orientation while explaining one component","5.2","","","","","","","","","","","","",""
"","EX01-08","One of many, then systemic repetition","preserve orientation while explaining one component","5.2","","","","","","","","","","","","",""
"","EX01-09","Human action enters the system hierarchy","preserve orientation while explaining one component","5.2","","","","","","","","","","","","",""
"","EX01-10","Nested system dive and reassembly","preserve orientation while explaining one component","8.1","","","","","","","","","","","","",""
"","EX02-01","Outer shell fades for one interior","expose hierarchy and restore the intact object","2","","","","","","","","","","","","",""
"","EX02-02","Real lid or panel opens","expose hierarchy and restore the intact object","3.25","","","","","","","","","","","","",""
"","EX02-03","Layer stack separates on one axis","expose hierarchy and restore the intact object","3.25","","","","","","","","","","","","",""
"","EX02-04","Radial components expose the core","expose hierarchy and restore the intact object","3.25","","","","","","","","","","","","",""
"","EX02-05","Section plane travels through the object","expose hierarchy and restore the intact object","3.25","","","","","","","","","","","","",""
"","EX02-06","X-ray handoff to physical interior","expose hierarchy and restore the intact object","5.2","","","","","","","","","","","","",""
"","EX02-07","Assembly runs backward into inspection","expose hierarchy and restore the intact object","5.2","","","","","","","","","","","","",""
"","EX02-08","Access panels open in service order","expose hierarchy and restore the intact object","5.2","","","","","","","","","","","","",""
"","EX02-09","Exploded orbit preserves every connector","expose hierarchy and restore the intact object","5.2","","","","","","","","","","","","",""
"","EX02-10","Building envelope peels to occupied mechanism","expose hierarchy and restore the intact object","8.1","","","","","","","","","","","","",""
"","EX03-01","Three-stage trigger chain","show how an upstream action produces a downstream result","3.25","","","","","","","","","","","","",""
"","EX03-02","Pulse traverses one channel","show how an upstream action produces a downstream result","3.25","","","","","","","","","","","","",""
"","EX03-03","Material flow exposes a bottleneck","show how an upstream action produces a downstream result","3.25","","","","","","","","","","","","",""
"","EX03-04","Lever transfers motion through gears","show how an upstream action produces a downstream result","5.2","","","","","","","","","","","","",""
"","EX03-05","Signal branches and reconverges","show how an upstream action produces a downstream result","5.2","","","","","","","","","","","","",""
"","EX03-06","Feedback changes the original input","show how an upstream action produces a downstream result","5.2","","","","","","","","","","","","",""
"","EX03-07","Threshold accumulation triggers a state","show how an upstream action produces a downstream result","5.2","","","","","","","","","","","","",""
"","EX03-08","Parallel inputs converge on one result","show how an upstream action produces a downstream result","5.2","","","","","","","","","","","","",""
"","EX03-09","Macro cause dives micro, returns macro","show how an upstream action produces a downstream result","8.1","","","","","","","","","","","","",""
"","EX03-10","Failure cascade arrested at one component","show how an upstream action produces a downstream result","8.1","","","","","","","","","","","","",""
"","EX04-01","Origin-to-destination route","follow a route, process, network, or constraint to its consequence","2","","","","","","","","","","","","",""
"","EX04-02","One branch selected from alternatives","follow a route, process, network, or constraint to its consequence","3.25","","","","","","","","","","","","",""
"","EX04-03","Bottleneck slows the trace","follow a route, process, network, or constraint to its consequence","3.25","","","","","","","","","","","","",""
"","EX04-04","Reverse trace finds the source","follow a route, process, network, or constraint to its consequence","3.25","","","","","","","","","","","","",""
"","EX04-05","Timeline path makes a gap visible","follow a route, process, network, or constraint to its consequence","3.25","","","","","","","","","","","","",""
"","EX04-06","Network hops expose dependency order","follow a route, process, network, or constraint to its consequence","5.2","","","","","","","","","","","","",""
"","EX04-07","Map trace becomes physical travel","follow a route, process, network, or constraint to its consequence","5.2","","","","","","","","","","","","",""
"","EX04-08","Multi-floor path through a building","follow a route, process, network, or constraint to its consequence","5.2","","","","","","","","","","","","",""
"","EX04-09","Decision branch shows downstream cost","follow a route, process, network, or constraint to its consequence","5.2","","","","","","","","","","","","",""
"","EX04-10","Route crosses map, section, and lived world","follow a route, process, network, or constraint to its consequence","8.1","","","","","","","","","","","","",""
"","EX05-01","Empty system becomes populated","compare meaningful states without losing the object","1.15","","","","","","","","","","","","",""
"","EX05-02","Closed system opens and works","compare meaningful states without losing the object","2","","","","","","","","","","","","",""
"","EX05-03","Dry-to-wet propagation","compare meaningful states without losing the object","2","","","","","","","","","","","","",""
"","EX05-04","Intact exterior becomes cutaway state","compare meaningful states without losing the object","3.25","","","","","","","","","","","","",""
"","EX05-05","Stalled mechanism restarts","compare meaningful states without losing the object","3.25","","","","","","","","","","","","",""
"","EX05-06","Seasonal state alters operation","compare meaningful states without losing the object","3.25","","","","","","","","","","","","",""
"","EX05-07","Contaminated flow becomes clean","compare meaningful states without losing the object","3.25","","","","","","","","","","","","",""
"","EX05-08","Chaotic set organizes by rule","compare meaningful states without losing the object","5.2","","","","","","","","","","","","",""
"","EX05-09","Intervention transforms problem to solution","compare meaningful states without losing the object","5.2","","","","","","","","","","","","",""
"","EX05-10","Three-state reversible cycle","compare meaningful states without losing the object","8.1","","","","","","","","","","","","",""
"","AR01-01","Synchronized start, divergent finish","compare one criterion at a time under matched conditions","2","","","","","","","","","","","","",""
"","AR01-02","Same action, different result","compare one criterion at a time under matched conditions","2","","","","","","","","","","","","",""
"","AR01-03","Physical size on a shared baseline","compare one criterion at a time under matched conditions","3.25","","","","","","","","","","","","",""
"","AR01-04","Locked before-after divider","compare one criterion at a time under matched conditions","3.25","","","","","","","","","","","","",""
"","AR01-05","One criterion at a time","compare one criterion at a time under matched conditions","3.25","","","","","","","","","","","","",""
"","AR01-06","Parallel timelines reveal delay","compare one criterion at a time under matched conditions","3.25","","","","","","","","","","","","",""
"","AR01-07","Matched process, different bottleneck","compare one criterion at a time under matched conditions","5.2","","","","","","","","","","","","",""
"","AR01-08","Blind outcome, criterion reveal","compare one criterion at a time under matched conditions","5.2","","","","","","","","","","","","",""
"","AR02-01","Claim to counterexample","earn a reversal and leave a synthesis","1.15","","","","","","","","","","","","",""
"","AR02-02","Conventional view yields to mechanism","earn a reversal and leave a synthesis","2","","","","","","","","","","","","",""
"","AR02-03","Same footage, new evidence frame","earn a reversal and leave a synthesis","2","","","","","","","","","","","","",""
"","AR02-04","Apparent cause becomes effect","earn a reversal and leave a synthesis","2","","","","","","","","","","","","",""
"","AR02-05","Quotation challenged by measured result","earn a reversal and leave a synthesis","3.25","","","","","","","","","","","","",""
"","AR02-06","Surface symptom opens to hidden driver","earn a reversal and leave a synthesis","3.25","","","","","","","","","","","","",""
"","AR02-07","Certainty widens into a range","earn a reversal and leave a synthesis","3.25","","","","","","","","","","","","",""
"","AR02-08","Opposing readings resolve into synthesis","earn a reversal and leave a synthesis","5.2","","","","","","","","","","","","",""
"","AR03-01","Repair in the same locked shot","make the solution legible as a state or mechanism change","1.15","","","","","","","","","","","","",""
"","AR03-02","Matched problem-solution cut","make the solution legible as a state or mechanism change","2","","","","","","","","","","","","",""
"","AR03-03","Obstruction removed, flow restored","make the solution legible as a state or mechanism change","2","","","","","","","","","","","","",""
"","AR03-04","Clutter reduces to the needed control","make the solution legible as a state or mechanism change","3.25","","","","","","","","","","","","",""
"","AR03-05","Failure dip, solution pickup","make the solution legible as a state or mechanism change","3.25","","","","","","","","","","","","",""
"","AR03-06","Struggle, tool, resolved action","make the solution legible as a state or mechanism change","3.25","","","","","","","","","","","","",""
"","AR03-07","Detour collapses to direct route","make the solution legible as a state or mechanism change","3.25","","","","","","","","","","","","",""
"","AR03-08","System redesign resolves multiple symptoms","make the solution legible as a state or mechanism change","5.2","","","","","","","","","","","","",""
"","BR01-01","Circle to eye or aperture","bridge scenes through one concrete visual analogue","0.58","","","","","","","","","","","","",""
"","BR01-02","Hand-held rectangle to screen","bridge scenes through one concrete visual analogue","0.58","","","","","","","","","","","","",""
"","BR01-03","Horizon line to structural edge","bridge scenes through one concrete visual analogue","1.15","","","","","","","","","","","","",""
"","BR01-04","Rotating wheel to rotating mechanism","bridge scenes through one concrete visual analogue","1.15","","","","","","","","","","","","",""
"","BR01-05","Arch silhouette to doorway","bridge scenes through one concrete visual analogue","1.15","","","","","","","","","","","","",""
"","BR01-06","Vertical object to structural pillar","bridge scenes through one concrete visual analogue","2","","","","","","","","","","","","",""
"","BR02-01","Center anchor handoff","place the next priority where the viewer is already looking","0.58","","","","","","","","","","","","",""
"","BR02-02","Eyeline places the incoming subject","place the next priority where the viewer is already looking","1.15","","","","","","","","","","","","",""
"","BR02-03","Upper-frame detail stays upper-frame","place the next priority where the viewer is already looking","1.15","","","","","","","","","","","","",""
"","BR02-04","Detail-scale continuity across worlds","place the next priority where the viewer is already looking","1.15","","","","","","","","","","","","",""
"","BR02-05","Moving anchor crosses the cut point","place the next priority where the viewer is already looking","2","","","","","","","","","","","","",""
"","BR02-06","Keyword lands on its physical referent","place the next priority where the viewer is already looking","2","","","","","","","","","","","","",""
"","BR03-01","Pan vector carries the boundary","carry motion through a cut or hide it in a motivated occluder","0.58","","","","","","","","","","","","",""
"","BR03-02","Passing person hides the cut","carry motion through a cut or hide it in a motivated occluder","0.58","","","","","","","","","","","","",""
"","BR03-03","Door close opens another place","carry motion through a cut or hide it in a motivated occluder","1.15","","","","","","","","","","","","",""
"","BR03-04","Shadow sweep changes the scene","carry motion through a cut or hide it in a motivated occluder","1.15","","","","","","","","","","","","",""
"","BR03-05","Foreground object passes the lens","carry motion through a cut or hide it in a motivated occluder","2","","","","","","","","","","","","",""
"","BR03-06","Enter darkness, exit another world","carry motion through a cut or hide it in a motivated occluder","2","","","","","","","","","","","","",""
"","BR04-01","Incoming voice precedes the picture","let sound prepare or complete a restrained picture change","0.58","","","","","","","","","","","","",""
"","BR04-02","Destination ambience arrives first","let sound prepare or complete a restrained picture change","1.15","","","","","","","","","","","","",""
"","BR04-03","Outgoing line trails into reaction","let sound prepare or complete a restrained picture change","1.15","","","","","","","","","","","","",""
"","BR04-04","Mechanism sound trails into the result","let sound prepare or complete a restrained picture change","2","","","","","","","","","","","","",""
"","BR04-05","Music motif previews the next image","let sound prepare or complete a restrained picture change","2","","","","","","","","","","","","",""
"","BR04-06","Room tone masks a temporal jump","let sound prepare or complete a restrained picture change","3.25","","","","","","","","","","","","",""
"","PY01-01","Separated parts return to the whole","return isolated parts to a newly understood whole","3.25","","","","","","","","","","","","",""
"","PY01-02","Opening image returns with new understanding","return isolated parts to a newly understood whole","5.2","","","","","","","","","","","","",""
"","PY01-03","Causal path reverses into system view","return isolated parts to a newly understood whole","8.1","","","","","","","","","","","","",""
"","PY01-04","Multiple viewpoints converge in 3D","return isolated parts to a newly understood whole","8.1","","","","","","","","","","","","",""
"","PY02-01","Learned sequence, compressed","compress learned visuals in their established order","3.25","","","","","","","","","","","","",""
"","PY02-02","Recap tiles assemble a hierarchy","compress learned visuals in their established order","5.2","","","","","","","","","","","","",""
"","PY02-03","Callback motif travels through every stage","compress learned visuals in their established order","5.2","","","","","","","","","","","","",""
"","PY03-01","World resolves around one concluding line","resolve picture, argument, sound, and optional ask","5.2","","","","","","","","","","","","",""
"","PY03-02","Pullback discovers the CTA object in-world","resolve picture, argument, sound, and optional ask","8.1","","","","","","","","","","","","",""
"","PY03-03","Last mechanism action closes the film","resolve picture, argument, sound, and optional ask","8.1","","","","","","","","","","","","",""
